{
  "nodes": {
    "llm-template#2": {
      "rfNode": {
        "position": {
          "x": -32.2603344583199,
          "y": 111.03431855994808
        }
      }
    },
    "llm-with-messages#1": {
      "rfNode": {
        "position": {
          "x": 513.6395609535748,
          "y": 111.03431855994808
        }
      }
    },
    "markdown_text_preview#4": {
      "contentWidth": 450,
      "rfNode": {
        "position": {
          "x": 1073.8022120491646,
          "y": -38.458842221711336
        }
      }
    },
    "markdown_text_preview#5": {
      "contentWidth": 450,
      "rfNode": {
        "position": {
          "x": 1073.8022120491646,
          "y": 414.5101208896146
        }
      }
    }
  }
}