{
  "nodes": {
    "llm-template#3": {
      "rfNode": {
        "position": {
          "x": 36.8774917466435,
          "y": -61.66224730389263
        }
      },
      "sections": {
        "inputs": {
          "collapsed": {
            "input": {
              "[]": true
            },
            "raw": {
              "[]": true
            },
            "be_continued": {
              "[]": true
            }
          }
        }
      }
    },
    "llm-messages#1": {
      "rfNode": {
        "position": {
          "x": 1112.5278500104794,
          "y": -27.73104418598564
        }
      }
    },
    "markdown_text_preview#6": {
      "contentWidth": 407.37992506023863,
      "rfNode": {
        "position": {
          "x": 1622.6384352842704,
          "y": 629.704542673953
        }
      }
    },
    "markdown_text_preview#7": {
      "contentWidth": 526.2478945460956,
      "rfNode": {
        "position": {
          "x": 2136.713596246276,
          "y": 629.704542673953
        }
      }
    },
    "llm#1": {
      "rfNode": {
        "position": {
          "x": 580.8599330088953,
          "y": 95.33775269610737
        }
      },
      "sections": {
        "inputHandle": {
          "cardCollapsed": true
        }
      }
    },
    "llm-chat#1": {
      "rfNode": {
        "position": {
          "x": 1622.6384352842704,
          "y": -42.599678958274815
        }
      }
    }
  }
}