{
  "nodes": {
    "llm-template#3": {
      "rfNode": {
        "position": {
          "x": 36.8774917466435,
          "y": -61.66224730389263
        }
      },
      "sections": {
        "inputs": {
          "collapsed": {
            "input": {
              "[]": true
            },
            "raw": {
              "[]": true
            },
            "be_continued": {
              "[]": true
            }
          }
        }
      }
    },
    "markdown_text_preview#6": {
      "contentWidth": 407.37992506023863,
      "rfNode": {
        "position": {
          "x": 1709.1938537279007,
          "y": -95.19546961684979
        }
      }
    },
    "markdown_text_preview#7": {
      "contentWidth": 526.2478945460956,
      "rfNode": {
        "position": {
          "x": 1709.1938537279007,
          "y": 343.70966045461336
        }
      }
    },
    "llm#1": {
      "rfNode": {
        "position": {
          "x": 559.5557113766675,
          "y": 75.33775269610737
        }
      },
      "sections": {
        "inputHandle": {
          "cardCollapsed": true
        }
      }
    },
    "llm-chat#1": {
      "rfNode": {
        "position": {
          "x": 1127.6682882360767,
          "y": -113.66224730389263
        }
      },
      "sections": {
        "inputHandle": {
          "cardCollapsed": true
        }
      }
    }
  }
}